<?xml version="1.0" encoding="UTF-8"?>
<project-private xmlns="http://www.netbeans.org/ns/project-private/1">
    <editor-bookmarks xmlns="http://www.netbeans.org/ns/editor-bookmarks/2" lastBookmarkId="0"/>
    <open-files xmlns="http://www.netbeans.org/ns/projectui-open-files/2">
        <group>
            <file>file:/C:/Users/Chief/OneDrive/Documents/NetBeansProjects/Chatapp/src/chatapp/GUI.java</file>
            <file>file:/C:/Users/Chief/OneDrive/Documents/NetBeansProjects/Chatapp/src/chatapp/Login.java</file>
            <file>file:/C:/Users/Chief/OneDrive/Documents/NetBeansProjects/Chatapp/src/chatapp/Message.java</file>
            <file>file:/C:/Users/Chief/OneDrive/Documents/NetBeansProjects/Chatapp/src/chatapp/MessageStorage.java</file>
            <file>file:/C:/Users/Chief/OneDrive/Documents/NetBeansProjects/Chatapp/src/chatapp/Messagingconsole.java</file>
            <file>file:/C:/Users/Chief/OneDrive/Documents/NetBeansProjects/Chatapp/src/chatapp/MessageManager.java</file>
            <file>file:/C:/Users/Chief/OneDrive/Documents/NetBeansProjects/Chatapp/Tester/chatapp/MessageManagerTest.java</file>
            <file>file:/C:/Users/Chief/OneDrive/Documents/NetBeansProjects/Chatapp/Tester/chatapp/LoginTest.java</file>
        </group>
    </open-files>
</project-private>
